{
  "per_table": [
    {
      "delta": null,
      "embedding_eval": {
        "aggregate": {
          "mrr": 0.27222222222222225,
          "ndcg": 0.22621527526420274,
          "precision_at_k": 0.1,
          "recall_at_k": 0.2833333333333333
        },
        "per_query": [
          {
            "cohorts": {},
            "distance": 0.16128316521644592,
            "metrics": {
              "mrr": 1.0,
              "ndcg": 0.787702056960637,
              "precision": 0.3,
              "recall": 0.75
            },
            "query_id": "q1",
            "recall_at_ks": [
              [
                1,
                0.25
              ],
              [
                3,
                0.5
              ],
              [
                5,
                0.75
              ],
              [
                10,
                0.75
              ]
            ]
          },
          {
            "cohorts": {},
            "distance": 0.1967291533946991,
            "metrics": {
              "mrr": 0.25,
              "ndcg": 0.20210734650054757,
              "precision": 0.1,
              "recall": 0.3333333333333333
            },
            "query_id": "q2",
            "recall_at_ks": [
              [
                1,
                0.0
              ],
              [
                3,
                0.0
              ],
              [
                5,
                0.3333333333333333
              ],
              [
                10,
                0.3333333333333333
              ]
            ]
          },
          {
            "cohorts": {},
            "distance": 0.13757941126823425,
            "metrics": {
              "mrr": 0.0,
              "ndcg": 0.0,
              "precision": 0.0,
              "recall": 0.0
            },
            "query_id": "q3",
            "recall_at_ks": [
              [
                1,
                0.0
              ],
              [
                3,
                0.0
              ],
              [
                5,
                0.0
              ],
              [
                10,
                0.0
              ]
            ]
          },
          {
            "cohorts": {},
            "distance": 0.15734463930130005,
            "metrics": {
              "mrr": 0.0,
              "ndcg": 0.0,
              "precision": 0.0,
              "recall": 0.0
            },
            "query_id": "q4",
            "recall_at_ks": [
              [
                1,
                0.0
              ],
              [
                3,
                0.0
              ],
              [
                5,
                0.0
              ],
              [
                10,
                0.0
              ]
            ]
          },
          {
            "cohorts": {},
            "distance": 0.18315736949443817,
            "metrics": {
              "mrr": 0.1111111111111111,
              "ndcg": 0.14126697285982898,
              "precision": 0.1,
              "recall": 0.3333333333333333
            },
            "query_id": "q5",
            "recall_at_ks": [
              [
                1,
                0.0
              ],
              [
                3,
                0.0
              ],
              [
                5,
                0.0
              ],
              [
                10,
                0.3333333333333333
              ]
            ]
          }
        ]
      }
    },
    {
      "delta": {
        "mrr": {
          "absolute": 0.017777777777777726,
          "relative": 0.06530612244897939
        },
        "ndcg": {
          "absolute": 0.09700939504418524,
          "relative": 0.42883662445378823
        },
        "precision_at_k": {
          "absolute": 0.06,
          "relative": 0.6
        },
        "recall_at_k": {
          "absolute": 0.23333333333333328,
          "relative": 0.8235294117647057
        },
        "significance": {
          "mrr": {
            "ci_lower": -0.26,
            "ci_upper": 0.2733333333333333,
            "p_value": 0.5232170977814901
          },
          "ndcg": {
            "ci_lower": -0.0768361514213752,
            "ci_upper": 0.2511329938450314,
            "p_value": 0.3412872190081173
          },
          "precision_at_k": {
            "ci_lower": 0.02,
            "ci_upper": 0.1,
            "p_value": 0.3886294927767999
          },
          "recall_at_k": {
            "ci_lower": 0.06666666666666667,
            "ci_upper": 0.39999999999999997,
            "p_value": 0.2858128695675637
          }
        }
      },
      "embedding_eval": {
        "aggregate": {
          "mrr": 0.29,
          "ndcg": 0.323224670308388,
          "precision_at_k": 0.16,
          "recall_at_k": 0.5166666666666666
        },
        "per_query": [
          {
            "cohorts": {},
            "distance": 0.16178041696548462,
            "metrics": {
              "mrr": 0.5,
              "ndcg": 0.5716190970674814,
              "precision": 0.3,
              "recall": 0.75
            },
            "query_id": "q1",
            "recall_at_ks": [
              [
                1,
                0.0
              ],
              [
                3,
                0.5
              ],
              [
                5,
                0.5
              ],
              [
                10,
                0.75
              ]
            ]
          },
          {
            "cohorts": {},
            "distance": 0.14011865854263306,
            "metrics": {
              "mrr": 0.2,
              "ndcg": 0.34870224750355494,
              "precision": 0.2,
              "recall": 0.6666666666666666
            },
            "query_id": "q2",
            "recall_at_ks": [
              [
                1,
                0.0
              ],
              [
                3,
                0.0
              ],
              [
                5,
                0.3333333333333333
              ],
              [
                10,
                0.6666666666666666
              ]
            ]
          },
          {
            "cohorts": {},
            "distance": 0.10859134793281555,
            "metrics": {
              "mrr": 0.0,
              "ndcg": 0.0,
              "precision": 0.0,
              "recall": 0.0
            },
            "query_id": "q3",
            "recall_at_ks": [
              [
                1,
                0.0
              ],
              [
                3,
                0.0
              ],
              [
                5,
                0.0
              ],
              [
                10,
                0.0
              ]
            ]
          },
          {
            "cohorts": {},
            "distance": 0.13996820151805878,
            "metrics": {
              "mrr": 0.25,
              "ndcg": 0.2640681225725909,
              "precision": 0.1,
              "recall": 0.5
            },
            "query_id": "q4",
            "recall_at_ks": [
              [
                1,
                0.0
              ],
              [
                3,
                0.0
              ],
              [
                5,
                0.5
              ],
              [
                10,
                0.5
              ]
            ]
          },
          {
            "cohorts": {},
            "distance": 0.11811113357543945,
            "metrics": {
              "mrr": 0.5,
              "ndcg": 0.431733884398313,
              "precision": 0.2,
              "recall": 0.6666666666666666
            },
            "query_id": "q5",